"","c..the.brand.collector....Trusted.Seller........Professional.seller.n1153.items.sold.nDiscover.seller.s.vestiaire.","c..the.brand.collector....Trusted.Seller........Professional.seller.n1153.items.sold.nDiscover.seller.s.vestiaire..1","c..luxe.brand.cerisier....Expert.Seller........Professional.seller.n3444.items.sold.nDiscover.seller.s.vestiaire.","c..luxe.brand.cerisier....Expert.Seller........Professional.seller.n3444.items.sold.nDiscover.seller.s.vestiaire..1","c..the.brand.collector....Trusted.Seller........Professional.seller.n1153.items.sold.nDiscover.seller.s.vestiaire..2","c..luxe.brand.cerisier....Expert.Seller........Professional.seller.n3444.items.sold.nDiscover.seller.s.vestiaire..2","c..luxe.brand.cerisier....Expert.Seller........Professional.seller.n3444.items.sold.nDiscover.seller.s.vestiaire..3","c..luxe.brand.cerisier....Expert.Seller........Professional.seller.n3444.items.sold.nDiscover.seller.s.vestiaire..4","c..luxe.brand.cerisier....Expert.Seller........Professional.seller.n3444.items.sold.nDiscover.seller.s.vestiaire..5","c..the.brand.collector....Trusted.Seller........Professional.seller.n1153.items.sold.nDiscover.seller.s.vestiaire..3","c..luxe.brand.cerisier....Expert.Seller........Professional.seller.n3444.items.sold.nDiscover.seller.s.vestiaire..6","c..luxe.brand.cerisier....Expert.Seller........Professional.seller.n3444.items.sold.nDiscover.seller.s.vestiaire..7","c..Brand.street.tokyo....Expert.Seller........Professional.seller.n415.items.sold.nDiscover.seller.s.vestiaire.","c..luxe.brand.cerisier....Expert.Seller........Professional.seller.n3444.items.sold.nDiscover.seller.s.vestiaire..8","c..aïsha....Professional.seller.n311.items.sold.nDiscover.seller.s.vestiaire.","c..luxe.brand.cerisier....Expert.Seller........Professional.seller.n3444.items.sold.nDiscover.seller.s.vestiaire..9","c..the.brand.collector....Trusted.Seller........Professional.seller.n1153.items.sold.nDiscover.seller.s.vestiaire..4","c..luxe.brand.cerisier....Expert.Seller........Professional.seller.n3444.items.sold.nDiscover.seller.s.vestiaire..10","c..luxe.brand.cerisier....Expert.Seller........Professional.seller.n3444.items.sold.nDiscover.seller.s.vestiaire..11","c..luxe.brand.cerisier....Expert.Seller........Professional.seller.n3444.items.sold.nDiscover.seller.s.vestiaire..12","c..luxe.brand.cerisier....Expert.Seller........Professional.seller.n3444.items.sold.nDiscover.seller.s.vestiaire..13","c..luxe.brand.cerisier....Expert.Seller........Professional.seller.n3444.items.sold.nDiscover.seller.s.vestiaire..14","c..luxe.brand.cerisier....Expert.Seller........Professional.seller.n3444.items.sold.nDiscover.seller.s.vestiaire..15","c..luxe.brand.cerisier....Expert.Seller........Professional.seller.n3444.items.sold.nDiscover.seller.s.vestiaire..16","c..luxe.brand.cerisier....Expert.Seller........Professional.seller.n3444.items.sold.nDiscover.seller.s.vestiaire..17","c..the.brand.collector....Trusted.Seller........Professional.seller.n1153.items.sold.nDiscover.seller.s.vestiaire..5","c..the.brand.collector....Trusted.Seller........Professional.seller.n1153.items.sold.nDiscover.seller.s.vestiaire..6","c..luxe.brand.cerisier....Expert.Seller........Professional.seller.n3444.items.sold.nDiscover.seller.s.vestiaire..18","c..luxe.brand.cerisier....Expert.Seller........Professional.seller.n3444.items.sold.nDiscover.seller.s.vestiaire..19","c..luxe.brand.cerisier....Expert.Seller........Professional.seller.n3444.items.sold.nDiscover.seller.s.vestiaire..20","c..ks....Expert.Seller........Individual.Seller.n3280.items.sold.nDiscover.seller.s.vestiaire."
"1","the brand collector","the brand collector","luxe brand cerisier","luxe brand cerisier","the brand collector","luxe brand cerisier","luxe brand cerisier","luxe brand cerisier","luxe brand cerisier","the brand collector","luxe brand cerisier","luxe brand cerisier","Brand street tokyo","luxe brand cerisier","aïsha","luxe brand cerisier","the brand collector","luxe brand cerisier","luxe brand cerisier","luxe brand cerisier","luxe brand cerisier","luxe brand cerisier","luxe brand cerisier","luxe brand cerisier","luxe brand cerisier","the brand collector","the brand collector","luxe brand cerisier","luxe brand cerisier","luxe brand cerisier","ks"
"2","Trusted Seller","Trusted Seller","Expert Seller","Expert Seller","Trusted Seller","Expert Seller","Expert Seller","Expert Seller","Expert Seller","Trusted Seller","Expert Seller","Expert Seller","Expert Seller","Expert Seller","Professional seller
311 items sold
Discover seller's vestiaire","Expert Seller","Trusted Seller","Expert Seller","Expert Seller","Expert Seller","Expert Seller","Expert Seller","Expert Seller","Expert Seller","Expert Seller","Trusted Seller","Trusted Seller","Expert Seller","Expert Seller","Expert Seller","Expert Seller"
"3","","","","","","","","","","","","","","","aïsha","","","","","","","","","","","","","","","",""
"4","Professional seller
1153 items sold
Discover seller's vestiaire","Professional seller
1153 items sold
Discover seller's vestiaire","Professional seller
3444 items sold
Discover seller's vestiaire","Professional seller
3444 items sold
Discover seller's vestiaire","Professional seller
1153 items sold
Discover seller's vestiaire","Professional seller
3444 items sold
Discover seller's vestiaire","Professional seller
3444 items sold
Discover seller's vestiaire","Professional seller
3444 items sold
Discover seller's vestiaire","Professional seller
3444 items sold
Discover seller's vestiaire","Professional seller
1153 items sold
Discover seller's vestiaire","Professional seller
3444 items sold
Discover seller's vestiaire","Professional seller
3444 items sold
Discover seller's vestiaire","Professional seller
415 items sold
Discover seller's vestiaire","Professional seller
3444 items sold
Discover seller's vestiaire","Professional seller
311 items sold
Discover seller's vestiaire","Professional seller
3444 items sold
Discover seller's vestiaire","Professional seller
1153 items sold
Discover seller's vestiaire","Professional seller
3444 items sold
Discover seller's vestiaire","Professional seller
3444 items sold
Discover seller's vestiaire","Professional seller
3444 items sold
Discover seller's vestiaire","Professional seller
3444 items sold
Discover seller's vestiaire","Professional seller
3444 items sold
Discover seller's vestiaire","Professional seller
3444 items sold
Discover seller's vestiaire","Professional seller
3444 items sold
Discover seller's vestiaire","Professional seller
3444 items sold
Discover seller's vestiaire","Professional seller
1153 items sold
Discover seller's vestiaire","Professional seller
1153 items sold
Discover seller's vestiaire","Professional seller
3444 items sold
Discover seller's vestiaire","Professional seller
3444 items sold
Discover seller's vestiaire","Professional seller
3444 items sold
Discover seller's vestiaire","Individual Seller
3280 items sold
Discover seller's vestiaire"
